PROTID	GENEID	PROTLEN	C1_SPC	C2_SPC	HDAC5_1_SPC	HDAC5_2_SPC
PROTID	GENEID	PROTLEN	C	C	HDAC5	HDAC5
Q9Y6M1	IGF2BP2	599	9	2	2	0
Q9Y697	NFS1	457	0	0	14	8
Q9Y618	NCOR2	2525	0	0	19	16
Q9Y617	PSAT1	370	6	3	0	0
Q9Y5S9	RBM8A	174	1	0	2	0
Q9Y5Q9	GTF3C3	886	2	0	0	0
Q9Y5M8	SRPRB	271	2	0	0	0
Q9Y5B9	SUPT16H	1047	26	13	3	0
Q9Y5A9	YTHDF2	579	2	0	8	3
Q9Y520	PRRC2C	2896	0	8	0	0
Q9Y4W6	AFG3L2	797	3	1	3	4
Q9Y4W2	LAS1L	734	3	2	0	0
Q9Y4R8	TELO2	837	0	0	2	0
Q9Y4L1	HYOU1	999	4	5	0	0
Q9Y4C8	RBM19	960	3	0	0	0
Q9Y490	TLN1	2541	18	2	0	2
Q9Y3Y2	CHTOP	248	1	2	0	0
Q9Y3T9	NOC2L	749	7	0	0	0
Q9Y3I0	C22orf28	505	4	0	0	0
Q9Y3F4	STRAP	350	6	1	9	4
Q9Y3B9	RRP15	282	1	0	0	0
Q9Y3B3	TMED7	224	1	0	0	0
Q9Y383	LUC7L2	392	6	2	5	3
Q9Y2X3	NOP58	529	22	3	1	0
Q9Y2W1	THRAP3	955	14	79	1	0
Q9Y2S7	POLDIP2	368	2	0	3	0
Q9Y2Q3	GSTK1	226	1	0	0	0
Q9Y2L1	DIS3	958	4	0	0	0
Q9Y2J2	EPB41L3	1087	0	0	2	0
Q9Y2A7	NCKAP1	1128	1	2	0	0
Q9Y295	DRG1	367	3	0	2	0
Q9Y285	FARSA	508	3	0	4	0
Q9Y277	VDAC3	283	2	1	0	0
Q9Y266	NUDC	331	4	1	14	1
Q9Y265	RUVBL1	456	16	3	4	5
Q9Y262	EIF3L	564	6	1	6	2
Q9Y230	RUVBL2	463	11	0	17	6
Q9UQL6	HDAC5	1122	0	0	1657	1877
Q9UQE7	SMC3	1217	26	13	7	3
Q9UQ80	PA2G4	394	15	0	24	0
Q9UPP1	PHF8	1060	2	1	0	0
Q9UNX4	WDR3	943	7	9	0	0
Q9UNL2	SSR3	185	2	0	0	1
Q9UNF1	MAGED2	606	0	0	4	2
Q9UNE7	null	303	2	0	0	0
Q9UM54	MYO6	1294	7	7	0	2
Q9ULX6	AKAP8L	646	3	2	5	3
Q9ULV3	CIZ1	898	0	5	0	0
Q9UKV3	ACIN1	1341	9	14	2	2
Q9UKL0	RCOR1	482	1	1	0	0
Q9UKD2	MRTO4	239	2	0	0	0
Q9UK61	FAM208A	1670	4	11	0	0
Q9UJZ1	STOML2	356	3	1	2	0
Q9UJV9	DDX41	622	11	14	34	6
Q9UJS0	SLC25A13	675	2	0	3	33
Q9UIG0	BAZ1B	1483	10	4	0	0
Q9UIA9	XPO7	1087	7	0	0	0
Q9UHX1	PUF60	559	0	3	8	3
Q9UHI6	DDX20	824	0	0	8	4
Q9UHB9	SRP68	627	2	2	0	0
Q9UFC0	LRWD1	647	0	1	0	0
Q9UBX3	SLC25A10	287	0	0	4	16
Q9UBU9	NXF1	619	1	2	0	0
Q9UBT2	UBA2	640	9	3	0	0
Q9UBS4	DNAJB11	358	0	1	12	3
Q9UBQ7	GRHPR	328	1	0	0	0
Q9UBQ5	EIF3K	218	0	0	1	0
Q9UBE0	SAE1	346	0	0	2	0
Q9P2K5	MYEF2	600	0	3	0	0
Q9P2J5	LARS	1176	29	9	15	4
Q9P2I0	CPSF2	782	3	0	0	0
Q9P258	RCC2	522	6	0	3	0
Q9P0L0	VAPA	249	2	1	0	0
Q9P0J0	NDUFA13	144	0	0	0	3
Q9NZM5	GLTSCR2	478	0	2	0	0
Q9NZL4	HSPBP1	362	0	2	4	0
Q9NZI8	IGF2BP1	577	22	6	9	10
Q9NZB2	FAM120A	1118	1	5	0	0
Q9NZ01	TECR	308	0	1	3	4
Q9NYK5	MRPL39	338	1	0	0	0
Q9NYF8	BCLAF1	920	11	53	3	0
Q9NYB0	TERF2IP	399	2	2	0	0
Q9NWM0	null	555	0	3	0	0
Q9NW13	RBM28	759	13	0	0	0
Q9NVP1	DDX18	670	5	0	0	0
Q9NVM9	C12orf11	706	0	0	1	0
Q9NVI7	ATAD3A	634	5	0	0	18
Q9NVI1	FANCI	1328	0	7	4	0
Q9NVA2	null	429	4	0	0	0
Q9NUQ7	UFSP2	469	0	0	5	1
Q9NU22	MDN1	5596	10	4	0	0
Q9NTJ3	SMC4	1288	8	5	6	3
Q9NSE4	IARS2	1012	10	0	1	0
Q9NRW1	null	208	1	0	1	0
Q9NR31	SAR1A	198	1	0	0	0
Q9NR30	DDX21	783	54	15	20	6
Q9NQW6	ANLN	1124	0	1	0	0
Q9NQS7	INCENP	918	0	3	0	0
Q9NQR4	NIT2	276	1	0	0	0
Q9NPH2	ISYNA1	558	4	0	0	0
Q9HDC9	APMAP	416	1	0	6	0
Q9HCS7	XAB2	855	0	1	0	0
Q9HCE1	MOV10	1003	9	0	1	0
Q9HCC0	MCCC2	563	2	0	0	0
Q9HC38	GLOD4	313	3	0	2	0
Q9HC35	EML4	981	11	1	0	0
Q9HB71	CACYBP	228	2	0	4	0
Q9HAV4	XPO5	1204	3	2	2	0
Q9H9B4	SFXN1	322	5	0	11	21
Q9H8H2	DDX31	851	1	0	0	0
Q9H8H0	NOL11	719	8	1	0	0
Q9H8G2	C9orf82	361	0	1	0	0
Q9H6S0	YTHDC2	1430	3	0	0	2
Q9H6R4	NOL6	1146	12	0	0	0
Q9H6R0	DHX33	707	1	0	0	0
Q9H583	HEATR1	2144	10	7	2	0
Q9H501	ESF1	851	2	0	0	0
Q9H3U1	UNC45A	944	4	1	2	0
Q9H3G5	CPVL	476	0	0	17	27
Q9H2W6	MRPL46	279	2	0	0	0
Q9H2P0	ADNP	1102	4	1	0	0
Q9H0U4	RAB1B	201	2	1	7	0
Q9H0S4	DDX47	455	3	1	21	10
Q9H0D6	XRN2	950	4	7	0	0
Q9H0A0	NAT10	1025	14	9	0	0
Q9GZR7	DDX24	859	2	0	0	0
Q9GZL7	WDR12	423	3	0	0	0
Q9C0J8	WDR33	1336	1	2	0	0
Q9BZZ5	API5	524	1	2	0	0
Q9BZK7	TBL1XR1	514	0	0	119	165
Q9BZJ0	CRNKL1	848	4	1	0	0
Q9BZF1	OSBPL8	889	0	3	0	2
Q9BZE4	GTPBP4	634	8	0	0	0
Q9BZE1	MRPL37	423	1	0	0	0
Q9BYG3	MKI67IP	293	3	0	0	0
Q9BY77	POLDIP3	421	2	3	6	0
Q9BXY0	MAK16	300	1	0	0	0
Q9BXW7	CECR5	423	0	0	0	2
Q9BXP5	SRRT	876	11	6	0	0
Q9BXJ9	NAA15	866	8	0	0	0
Q9BVP2	GNL3	549	8	1	0	0
Q9BVJ6	UTP14A	771	7	2	0	0
Q9BUQ8	null	820	7	0	0	0
Q9BUJ2	HNRNPUL1	856	16	33	23	4
Q9BU61	NDUFAF3	184	0	0	0	2
Q9BSJ8	ESYT1	1104	3	3	0	0
Q9BSJ2	TUBGCP2	902	0	0	4	0
Q9BS26	ERP44	406	0	2	4	0
Q9BRK5	SDF4	362	0	0	2	0
Q9BQG0	MYBBP1A	1328	16	1	0	0
Q9BQE3	TUBA1C	449	76	60	200	152
Q9BQA1	WDR77	342	2	1	7	0
Q9BQ87	TBL1Y	522	0	0	34	47
Q9BQ39	DDX50	737	10	5	3	2
Q9BPX3	NCAPG	1015	0	0	2	0
Q99873	PRMT1	361	9	12	6	2
Q99848	EBNA1BP2	306	4	0	0	0
Q99832	CCT7	543	22	12	22	10
Q99798	ACO2	780	10	1	3	0
Q99733	NAP1L4	375	4	0	0	0
Q99729	HNRNPAB	332	2	7	3	0
Q99714	HSD17B10	261	7	0	7	0
Q99623	PHB2	299	11	0	19	17
Q99615	DNAJC7	494	5	2	2	0
Q99613	EIF3C	913	18	7	6	0
Q99590	SCAF11	1463	1	2	0	0
Q99549	MPHOSPH8	860	1	0	0	0
Q99536	VAT1	393	3	0	3	0
Q99497	PARK7	189	4	0	7	0
Q99460	PSMD1	953	0	2	12	4
Q99459	CDC5L	802	10	8	4	0
Q99426	TBCB	244	1	0	0	0
Q96T88	UHRF1	793	2	0	0	0
Q96T76	MMS19	1030	0	0	6	0
Q96ST3	SIN3A	1273	0	1	0	0
Q96SI9	STRBP	672	11	2	0	0
Q96S59	RANBP9	729	0	0	2	0
Q96S44	TP53RK	253	1	0	0	0
Q96QK1	VPS35	796	10	4	8	1
Q96PK6	RBM14	669	11	4	8	8
Q96P63	SERPINB12	405	10	8	6	0
Q96NB2	SFXN2	322	0	0	0	4
Q96ME7	ZNF512	567	0	7	0	0
Q96KR1	ZFR	1074	7	5	1	0
Q96JB5	null	506	1	0	0	0
Q96I24	FUBP3	572	0	0	12	4
Q96HS1	PGAM5	289	2	0	5	8
Q96GQ7	DDX27	796	9	0	0	0
Q96FW1	OTUB1	271	3	0	2	0
Q96FV9	THOC1	657	1	0	0	0
Q96EY1	DNAJA3	480	0	0	7	12
Q96CX2	KCTD12	325	3	0	16	14
Q96CW1	AP2M1	435	0	0	4	2
Q96CN7	ISOC1	298	3	0	0	0
Q96C36	PYCR2	320	2	0	0	0
Q969X6	CIRH1A	686	1	0	0	0
Q969G3	SMARCE1	411	1	0	0	0
Q93009	USP7	1102	8	4	10	0
Q93008	USP9X	2570	10	4	0	0
Q92973	TNPO1	898	6	2	6	2
Q92945	KHSRP	711	14	4	39	14
Q92922	SMARCC1	1105	4	0	0	0
Q92900	UPF1	1129	12	6	5	0
Q92878	RAD50	1312	13	1	2	4
Q92841	DDX17	650	52	39	28	18
Q92804	TAF15	592	2	4	1	0
Q92797	SYMPK	1274	2	1	0	0
Q92769	HDAC2	488	5	3	13	6
Q92621	NUP205	2012	6	5	0	0
Q92620	DHX38	1227	4	2	0	0
Q92616	GCN1L1	2671	21	8	9	13
Q92613	PHF16	823	0	1	0	0
Q92598	HSPH1	858	13	1	4	0
Q92597	NDRG1	394	1	0	0	0
Q92572	AP3S1	193	0	0	2	0
Q92499	DDX1	740	15	8	13	3
Q8WXX5	DNAJC9	260	2	0	0	0
Q8WXF1	PSPC1	523	0	0	1	2
Q8WWQ0	PHIP	1821	10	7	0	0
Q8WWM7	ATXN2L	1075	0	2	2	0
Q8WVX9	FAR1	515	0	0	4	0
Q8WVV9	HNRPLL	542	0	0	8	4
Q8WVM8	SCFD1	642	4	0	0	0
Q8WUM4	PDCD6IP	868	6	2	9	0
Q8WUM0	NUP133	1156	0	4	3	0
Q8WTT2	NOC3L	800	6	0	0	0
Q8TEX9	IPO4	1081	5	0	7	0
Q8TEQ6	GEMIN5	1508	0	1	0	0
Q8TEM1	NUP210	1887	9	3	2	5
Q8TED0	UTP15	518	3	0	0	0
Q8TDL5	BPIFB1	484	1	0	0	0
Q8TCS8	PNPT1	783	5	0	0	0
Q8TC12	RDH11	318	1	0	0	0
Q8TAQ2	SMARCC2	1214	6	3	0	0
Q8NI36	WDR36	951	4	1	0	0
Q8NHV4	NEDD1	660	0	0	2	0
Q8NEJ9	NGDN	315	1	0	0	0
Q8ND82	ZNF280C	737	1	0	0	0
Q8ND56	LSM14A	463	0	4	0	0
Q8NCA5	FAM98A	519	1	1	0	0
Q8NC51	SERBP1	408	4	2	2	0
Q8NBS9	TXNDC5	432	1	0	4	1
Q8N9T8	KRI1	709	3	0	0	0
Q8N7H5	PAF1	531	1	0	2	0
Q8N684	CPSF7	471	2	1	1	0
Q8N1F7	NUP93	819	6	0	14	0
Q8N163	KIAA1967	923	16	9	10	0
Q8IYB8	SUPV3L1	786	3	0	0	0
Q8IXT5	RBM12B	1001	7	2	0	0
Q8IX01	SUGP2	1082	9	10	0	0
Q8IWX8	CHERP	916	2	4	0	0
Q8IV04	TBC1D10C	446	5	0	3	2
Q86YZ3	HRNR	2850	14	0	50	14
Q86XP3	DDX42	938	8	3	0	0
Q86X55	CARM1	608	1	1	1	0
Q86VS8	HOOK3	718	2	2	2	0
Q86VP6	CAND1	1230	31	7	17	1
Q86V81	THOC4	257	2	2	2	0
Q86UV5	USP48	1035	2	0	0	0
Q86UA1	PRPF39	669	0	0	5	0
Q86U86	PBRM1	1689	3	1	0	0
Q7Z7L1	SLFN11	901	2	1	6	0
Q7Z7K6	CENPV	275	3	1	0	0
Q7Z6Z7	HUWE1	4374	14	6	0	0
Q7Z4W1	DCXR	244	2	0	0	0
Q7Z4V5	HDGFRP2	671	0	1	0	0
Q7Z478	DHX29	1369	2	3	0	0
Q7Z417	NUFIP2	695	1	0	3	0
Q7Z3B4	NUP54	507	2	0	0	0
Q7Z2W4	ZC3HAV1	902	3	0	0	0
Q7L592	C2orf56	441	0	0	14	3
Q7L2E3	DHX30	1194	15	4	2	0
Q7L014	DDX46	1031	5	2	0	0
Q7KZF4	SND1	910	26	0	0	0
Q7KZ85	SUPT6H	1726	6	4	0	0
Q71DI3	HIST2H3A	136	9	3	12	0
Q6ZWB6	KCTD8	473	0	0	10	8
Q6UN15	FIP1L1	594	0	1	3	0
Q6UB99	ANKRD11	2663	0	0	0	24
Q6UB35	MTHFD1L	978	10	1	4	8
Q6SPF0	SAMD1	538	0	0	4	2
Q6PL18	ATAD2	1390	10	4	0	0
Q6PKG0	LARP1	1096	7	0	0	0
Q6PJT7	ZC3H14	736	1	0	0	0
Q6P2Q9	PRPF8	2335	53	41	12	0
Q6P1N0	CC2D1A	951	0	1	0	0
Q6NUK1	SLC25A24	477	0	0	1	1
Q6L8Q7	PDE12	609	1	0	0	0
Q6KC79	NIPBL	2804	0	1	0	0
Q5VYK3	ECM29	1845	0	4	0	0
Q5VTR2	RNF20	975	2	2	0	0
Q5UIP0	RIF1	2472	2	2	0	0
Q5D862	FLG2	2391	10	5	13	8
Q5BKZ1	ZNF326	582	8	3	0	0
Q53F19	C17orf85	620	1	2	0	0
Q53EL6	PDCD4	469	2	0	0	0
Q4G0N4	NADKD1	442	2	0	0	0
Q4G0J3	LARP7	582	0	1	0	0
Q49A26	GLYR1	553	1	1	0	0
Q3ZCQ8	TIMM50	353	2	3	9	12
Q3MHD2	LSM12	195	1	0	3	0
Q29RF7	PDS5A	1337	8	3	1	0
Q1KMD3	HNRNPUL2	747	21	77	0	0
Q16891	IMMT	758	7	3	9	11
Q16777	HIST2H2AC	129	19	14	13	4
Q16740	CLPP	277	1	0	0	0
Q16630	CPSF6	551	1	1	0	0
Q16629	SRSF7	238	3	6	2	0
Q16576	RBBP7	425	7	1	16	5
Q16555	DPYSL2	572	6	4	0	0
Q16531	DDB1	1140	15	6	35	7
Q16222	UAP1	522	1	0	0	0
Q15758	SLC1A5	541	3	0	2	0
Q15717	ELAVL1	326	7	4	1	0
Q15637	SF1	639	0	0	5	0
Q15554	TERF2	500	1	4	0	0
Q15517	CDSN	529	4	3	1	0
Q15459	SF3A1	793	6	8	1	0
Q15437	SEC23B	767	4	1	2	0
Q15436	SEC23A	765	5	2	2	0
Q15427	SF3B4	424	2	0	1	0
Q15424	SAFB	915	13	12	0	0
Q15417	CNN3	329	1	0	0	0
Q15393	SF3B3	1217	35	26	23	5
Q15366	PCBP2	365	11	3	23	4
Q15365	PCBP1	356	11	7	24	9
Q15334	LLGL1	1064	2	0	0	0
Q15291	RBBP5	538	0	2	0	0
Q15287	RNPS1	305	0	1	2	0
Q15269	PWP2	919	4	2	0	0
Q15233	NONO	471	15	13	15	12
Q15185	PTGES3	160	1	0	4	0
Q15181	PPA1	289	3	0	3	0
Q15149	PLEC	4684	0	8	0	4
Q15125	EBP	230	1	0	2	0
Q15084	PDIA6	440	6	5	10	0
Q15046	KARS	597	0	2	6	0
Q15029	EFTUD2	972	31	25	32	10
Q15019	2-Sep	361	2	2	4	0
Q15008	PSMD6	389	0	0	10	1
Q14C86	GAPVD1	1478	0	5	0	0
Q14980	NUMA1	2115	13	7	8	5
Q14978	NOLC1	699	4	0	0	0
Q14974	KPNB1	876	19	8	23	8
Q14839	CHD4	1912	8	2	0	0
Q14697	GANAB	944	23	8	15	10
Q14692	BMS1	1282	4	1	0	0
Q14690	PDCD11	1871	22	4	0	0
Q14684	RRP1B	758	7	0	0	0
Q14683	SMC1A	1233	23	6	8	8
Q14676	MDC1	2089	7	11	0	0
Q14566	MCM6	821	21	7	4	0
Q14562	DHX8	1220	5	3	0	0
Q14498	RBM39	530	5	4	11	9
Q14444	CAPRIN1	709	2	1	2	0
Q14315	FLNC	2725	10	8	0	1
Q14257	RCN2	317	0	1	2	0
Q14247	CTTN	550	1	4	3	0
Q14204	DYNC1H1	4646	71	21	0	19
Q14203	DCTN1	1278	1	2	0	0
Q14202	ZMYM3	1370	1	3	0	0
Q14195	DPYSL3	570	5	1	0	0
Q14165	MLEC	292	2	0	0	0
Q14157	UBAP2L	1087	5	7	15	4
Q14152	EIF3A	1382	26	8	0	0
Q14151	SAFB2	953	10	9	0	0
Q14146	URB2	1524	2	0	0	0
Q14137	BOP1	746	8	2	0	0
Q14103	HNRNPD	355	8	14	6	0
Q14008	CKAP5	2032	4	3	7	0
Q13885	TUBB2A	445	68	42	106	70
Q13868	EXOSC2	293	1	0	0	0
Q13867	BLMH	455	4	7	0	0
Q13838	DDX39B	428	18	10	22	7
Q13835	PKP1	747	0	1	0	0
Q13765	NACA	215	1	2	6	3
Q13724	MOGS	837	1	1	4	0
Q13642	FHL1	323	4	0	3	0
Q13595	TRA2A	282	3	1	2	1
Q13576	IQGAP2	1575	0	0	1	20
Q13573	SNW1	536	1	2	1	0
Q13564	NAE1	534	2	0	0	0
Q13547	HDAC1	482	4	2	11	6
Q13526	PIN1	163	0	0	3	2
Q13435	SF3B2	895	8	8	9	0
Q13409	DYNC1I2	638	1	0	5	0
Q13347	EIF3I	325	2	0	5	0
Q13330	MTA1	715	5	0	2	0
Q13310	PABPC4	644	12	6	10	6
Q13283	G3BP1	466	2	2	2	0
Q13263	TRIM28	835	18	18	38	12
Q13257	MAD2L1	205	0	0	7	0
Q13242	SRSF9	221	4	1	0	0
Q13232	NME3	169	1	0	2	0
Q13227	GPS2	327	0	0	5	12
Q13206	DDX10	875	3	1	0	0
Q13200	PSMD2	908	7	1	29	6
Q13185	CBX3	183	2	1	1	0
Q13162	PRDX4	271	5	0	17	11
Q13151	HNRNPA0	305	5	2	4	3
Q13148	TARDBP	414	4	0	8	5
Q13126	MTAP	283	1	0	0	0
Q13111	CHAF1A	956	0	2	0	0
Q13045	FLII	1269	3	3	0	0
Q13011	ECH1	328	4	0	4	0
Q12996	CSTF3	717	5	0	0	0
Q12931	TRAP1	704	28	2	12	7
Q12906	ILF3	894	51	22	12	3
Q12905	ILF2	390	9	11	18	3
Q12874	SF3A3	501	2	1	3	0
Q12788	TBL3	808	7	5	0	0
Q10713	PMPCA	525	1	0	2	0
Q10570	CPSF1	1443	11	5	0	0
Q10567	AP1B1	949	4	2	0	0
Q09666	AHNAK	5890	9	5	0	0
Q09028	RBBP4	425	7	0	12	0
Q08J23	NSUN2	767	10	4	2	0
Q08945	SSRP1	709	10	6	3	0
Q08380	LGALS3BP	585	1	0	18	10
Q08211	DHX9	1270	72	40	8	4
Q08188	TGM3	693	3	1	0	0
Q07955	SRSF1	248	10	3	1	0
Q07157	TJP1	1748	0	2	0	0
Q07065	CKAP4	602	2	5	1	9
Q07021	C1QBP	282	3	1	3	0
Q07020	RPL18	188	13	3	6	4
Q06830	PRDX1	199	19	21	40	30
Q06787	FMR1	632	3	8	5	1
Q06210	GFPT1	699	3	1	10	0
Q04917	YWHAH	246	7	4	195	167
Q04837	SSBP1	148	3	0	1	2
Q04760	GLO1	184	4	0	5	0
Q04637	EIF4G1	1599	13	7	0	0
Q03701	CEBPZ	1054	4	4	0	0
Q03252	LMNB2	600	7	4	0	0
Q02978	SLC25A11	314	4	0	13	37
Q02880	TOP2B	1626	29	18	0	1
Q02790	FKBP4	459	11	0	0	0
Q02543	RPL18A	176	3	3	7	4
Q02413	DSG1	1049	17	10	14	0
Q02241	KIF23	960	0	3	0	0
Q02078	MEF2A	507	0	0	4	0
Q01844	EWSR1	656	2	1	2	0
Q01813	PFKP	784	9	0	2	0
Q01780	EXOSC10	885	4	0	0	0
Q01518	CAP1	475	5	0	3	0
Q01167	FOXK2	660	0	0	6	0
Q01085	TIAL1	375	1	0	14	1
Q00839	HNRNPU	825	53	130	33	14
Q00610	CLTC	1675	56	38	18	48
Q00341	HDLBP	1268	6	5	0	0
Q00325	SLC25A3	362	8	1	9	20
P98175	RBM10	930	3	1	0	0
P85037	FOXK1	733	0	0	9	2
P84103	SRSF3	164	2	4	3	2
P84098	RPL19	196	4	1	0	0
P84090	ERH	104	0	4	0	0
P83731	RPL24	157	4	2	5	4
P81605	DCD	110	12	7	10	2
P78549	NTHL1	312	1	0	0	0
P78527	PRKDC	4128	202	49	0	28
P78417	GSTO1	241	2	0	3	0
P78406	RAE1	368	0	0	4	0
P78371	CCT2	535	16	9	27	12
P78347	GTF2I	998	20	8	7	0
P68871	HBB	147	6	1	0	0
P68400	CSNK2A1	391	0	1	9	0
P68104	EEF1A1	462	42	40	120	30
P68032	ACTC1	377	65	59	108	62
P67809	YBX1	324	4	44	2	0
P67775	PPP2CA	309	4	1	31	79
P63244	GNB2L1	317	12	6	11	6
P63241	EIF5A	154	1	0	4	2
P63208	SKP1	163	0	0	3	0
P63151	PPP2R2A	447	2	0	45	62
P63104	YWHAZ	245	13	7	257	243
P63092	GNAS	394	0	0	3	0
P62995	TRA2B	288	4	2	5	0
P62979	RPS27A	156	23	18	44	37
P62937	PPIA	165	15	6	6	2
P62917	RPL8	257	3	0	10	1
P62913	RPL11	178	7	2	7	8
P62910	RPL32	135	2	0	2	0
P62906	RPL10A	217	4	2	9	2
P62899	RPL31	125	3	0	0	2
P62888	RPL30	115	2	2	0	2
P62873	GNB1	340	4	0	3	3
P62854	RPS26	115	2	1	3	0
P62851	RPS25	125	2	0	4	2
P62847	RPS24	133	4	0	4	4
P62829	RPL23	140	8	3	4	2
P62826	RAN	216	8	0	13	10
P62805	HIST1H4A	103	52	33	20	13
P62750	RPL23A	156	4	2	3	2
P62701	RPS4X	263	13	6	16	4
P62495	ETF1	437	2	0	5	0
P62491	RAB11A	216	4	0	2	0
P62424	RPL7A	266	5	0	4	1
P62333	PSMC6	389	4	1	12	4
P62318	SNRPD3	126	2	1	0	1
P62316	SNRPD2	118	3	0	0	0
P62314	SNRPD1	119	0	0	0	2
P62304	SNRPE	92	2	2	0	4
P62280	RPS11	158	4	2	14	8
P62277	RPS13	151	4	0	6	0
P62269	RPS18	152	3	0	9	9
P62266	RPS23	143	3	1	6	2
P62263	RPS14	151	2	2	5	5
P62258	YWHAE	255	13	7	590	589
P62249	RPS16	146	3	2	4	6
P62241	RPS8	208	13	4	11	3
P62195	PSMC5	406	3	0	10	0
P62191	PSMC1	440	4	5	9	4
P62081	RPS7	194	3	0	7	2
P61981	YWHAG	247	9	4	244	231
P61978	HNRNPK	463	35	22	17	5
P61964	WDR5	334	2	0	10	5
P61962	DCAF7	342	0	1	4	1
P61956	SUMO2	95	10	1	0	0
P61626	LYZ	148	10	1	0	6
P61604	HSPE1	102	1	0	0	0
P61513	RPL37A	92	2	1	0	0
P61353	RPL27	136	4	3	4	3
P61247	RPS3A	264	8	2	5	0
P61204	ARF3	181	5	0	2	1
P61163	ACTR1A	376	0	1	4	0
P61158	ACTR3	418	1	1	2	0
P61026	RAB10	200	1	0	6	2
P61019	RAB2A	212	3	0	0	0
P60953	CDC42	191	3	0	0	0
P60900	PSMA6	246	5	0	5	0
P60866	RPS20	119	5	0	6	10
P60842	EIF4A1	406	22	14	38	0
P60709	ACTB	375	99	112	219	132
P60228	EIF3E	445	3	0	8	0
P60174	TPI1	286	17	4	11	0
P58107	EPPK1	5090	0	24	0	5
P57740	NUP107	925	6	0	4	2
P56545	CTBP2	445	0	0	4	0
P56192	MARS	900	13	9	9	5
P56182	RRP1	461	1	0	0	0
P56134	ATP5J2	94	1	0	0	4
P55884	EIF3B	814	18	11	12	5
P55795	HNRNPH2	449	17	18	18	10
P55786	NPEPPS	919	25	7	17	0
P55769	NHP2L1	128	2	1	0	0
P55265	ADAR	1226	22	6	6	0
P55209	NAP1L1	391	4	0	2	3
P55196	MLLT4	1824	2	0	0	0
P55084	HADHB	474	8	3	12	5
P55072	VCP	806	35	12	23	2
P55060	CSE1L	971	24	3	37	14
P54886	ALDH18A1	795	17	2	25	3
P54619	PRKAG1	331	2	0	0	0
P54578	USP14	494	3	1	0	0
P54577	YARS	528	9	0	0	0
P54136	RARS	660	10	4	28	11
P53992	SEC24C	1094	1	3	2	0
P53985	SLC16A1	500	0	0	0	7
P53621	COPA	1224	15	11	2	1
P53618	COPB1	953	4	3	3	0
P53597	SUCLG1	346	1	0	2	0
P53396	ACLY	1101	31	18	30	0
P53350	PLK1	603	0	2	0	0
P53007	SLC25A1	311	4	0	10	23
P52907	CAPZA1	286	3	0	2	1
P52888	THOP1	689	5	0	0	0
P52815	MRPL12	198	0	0	0	1
P52701	MSH6	1360	10	8	3	0
P52597	HNRNPF	415	13	8	40	18
P52565	ARHGDIA	204	2	1	2	3
P52292	KPNA2	529	4	12	7	1
P52272	HNRNPM	730	59	34	34	15
P52209	PGD	483	7	4	11	0
P51991	HNRNPA3	378	7	8	3	0
P51784	USP11	963	0	1	9	0
P51659	HSD17B4	736	8	1	14	0
P51649	ALDH5A1	535	2	0	0	0
P51648	ALDH3A2	485	2	0	0	0
P51610	HCFC1	2035	9	3	6	0
P51571	SSR4	173	1	0	1	0
P51149	RAB7A	207	3	0	0	0
P51148	RAB5C	216	6	0	4	0
P51116	FXR2	673	0	5	0	0
P51114	FXR1	621	0	6	10	5
P50995	ANXA11	505	3	0	0	0
P50991	CCT4	539	28	15	27	13
P50990	CCT8	548	41	16	30	11
P50914	RPL14	215	8	4	4	0
P50570	DNM2	870	5	0	0	0
P50502	ST13	369	5	2	5	0
P50454	SERPINH1	418	4	3	9	1
P50402	EMD	254	1	0	9	9
P50395	GDI2	445	7	2	2	0
P50213	IDH3A	366	2	2	1	0
P49959	MRE11A	708	6	2	6	0
P49915	GMPS	693	3	0	9	0
P49821	NDUFV1	464	2	0	0	0
P49792	RANBP2	3224	8	8	0	0
P49790	NUP153	1475	4	0	0	0
P49736	MCM2	904	40	9	9	0
P49721	PSMB2	201	0	0	5	2
P49720	PSMB3	205	2	0	7	2
P49591	SARS	514	2	0	0	0
P49589	CARS	748	2	0	0	0
P49588	AARS	968	17	0	0	0
P49458	SRP9	86	1	0	2	2
P49419	ALDH7A1	539	9	1	2	0
P49411	TUFM	452	15	2	27	0
P49368	CCT3	545	23	12	22	9
P49327	FASN	2511	86	49	122	65
P49189	ALDH9A1	494	6	0	0	0
P48735	IDH2	452	2	0	0	0
P48643	CCT5	541	16	5	14	6
P48634	PRRC2A	2157	0	3	0	0
P48556	PSMD8	350	0	0	3	3
P48047	ATP5O	213	3	0	8	6
P47914	RPL29	159	2	0	1	0
P47897	QARS	775	6	3	27	7
P46940	IQGAP1	1657	11	11	0	2
P46821	MAP1B	2468	4	0	4	3
P46783	RPS10	165	2	1	7	5
P46782	RPS5	204	3	1	6	2
P46778	RPL21	160	2	1	2	2
P46777	RPL5	297	6	4	5	1
P46776	RPL27A	148	4	2	5	4
P46736	BRCC3	316	1	0	0	0
P46459	NSF	744	6	0	11	0
P46087	NOP2	812	29	6	0	0
P46063	RECQL	649	6	2	0	0
P46060	RANGAP1	587	5	0	14	5
P46013	MKI67	3256	22	15	3	0
P45974	USP5	858	3	0	2	0
P45880	VDAC2	294	13	4	12	11
P43686	PSMC4	418	1	0	12	3
P43490	NAMPT	491	4	0	0	0
P43487	RANBP1	201	2	0	2	0
P43307	SSR1	286	0	0	0	8
P43243	MATR3	847	32	32	21	10
P42771	CDKN2A	156	0	0	0	7
P42766	RPL35	123	1	0	2	2
P42765	ACAA2	397	0	1	8	0
P42704	LRPPRC	1394	37	7	8	6
P42696	RBM34	430	2	0	0	0
P42694	HELZ	1942	0	0	4	0
P42677	RPS27	84	3	3	0	0
P42285	SKIV2L2	1042	13	6	6	0
P42212	GFP	238	276	101	318	316
P42167	TMPO	454	7	5	15	11
P42166	TMPO	694	11	4	18	8
P42126	ECI1	302	1	0	1	0
P41252	IARS	1262	28	15	3	3
P41250	GARS	739	5	2	7	0
P41091	EIF2S3	472	11	1	6	0
P40939	HADHA	763	15	2	17	6
P40926	MDH2	338	35	7	38	16
P40925	MDH1	334	6	2	3	0
P40616	ARL1	181	0	0	2	0
P40429	RPL13A	203	6	3	2	0
P40227	CCT6A	531	16	10	28	16
P39748	FEN1	380	3	0	3	0
P39656	DDOST	456	6	4	12	8
P39023	RPL3	403	13	0	4	0
P39019	RPS19	145	3	0	0	2
P38919	EIF4A3	411	9	6	18	0
P38646	HSPA9	679	47	5	74	57
P38432	COIL	576	0	1	0	0
P38159	RBMX	391	12	0	4	2
P38117	ETFB	255	3	0	4	0
P37837	TALDO1	337	6	3	2	0
P37802	TAGLN2	199	1	1	0	0
P37108	SRP14	136	0	0	0	2
P36957	DLST	453	5	0	5	0
P36873	PPP1CC	323	2	1	5	0
P36871	PGM1	562	4	0	0	0
P36776	LONP1	959	19	2	0	4
P36578	RPL4	427	17	7	8	0
P36542	ATP5C1	298	8	1	6	2
P35998	PSMC2	433	6	0	12	0
P35659	DEK	375	4	5	6	0
P35658	NUP214	2090	0	7	0	0
P35637	FUS	526	2	4	2	0
P35613	BSG	385	2	0	5	3
P35611	ADD1	737	4	2	0	0
P35580	MYH10	1976	16	11	4	2
P35579	MYH9	1960	32	54	16	0
P35268	RPL22	128	3	4	1	4
P35250	RFC2	354	1	0	2	0
P35241	RDX	583	11	4	0	0
P35232	PHB	272	9	2	14	5
P35030	PRSS3	304	0	0	11	4
P34932	HSPA4	840	27	7	14	1
P34897	SHMT2	504	20	4	7	0
P34896	SHMT1	483	5	1	0	0
P33993	MCM7	719	19	8	23	2
P33992	MCM5	734	21	7	6	4
P33991	MCM4	863	18	7	8	0
P33316	DUT	252	0	0	3	0
P33176	KIF5B	963	6	4	0	0
P32969	RPL9	192	3	2	7	0
P32322	PYCR1	319	2	0	0	0
P32119	PRDX2	198	13	12	22	19
P31946	YWHAB	246	11	5	264	251
P31944	CASP14	242	11	2	0	0
P31943	HNRNPH1	449	24	28	54	26
P31942	HNRNPH3	346	7	5	0	0
P31939	ATIC	592	9	1	0	0
P31930	UQCRC1	480	3	0	4	0
P31689	DNAJA1	397	2	3	18	5
P31645	null	630	0	0	0	1
P31150	GDI1	447	11	0	0	0
P31040	SDHA	664	4	1	13	14
P30876	POLR2B	1174	9	8	1	0
P30566	ADSL	484	4	0	0	0
P30154	PPP2R1B	601	1	0	16	32
P30153	PPP2R1A	589	3	0	62	123
P30101	PDIA3	505	19	10	5	0
P30086	PEBP1	187	4	0	2	0
P30050	RPL12	165	6	3	8	11
P30048	PRDX3	256	3	2	9	6
P30041	PRDX6	224	11	4	10	3
P29692	EEF1D	281	3	0	4	5
P29401	TKT	623	22	8	23	4
P28838	LAP3	519	4	0	2	0
P28370	SMARCA1	1054	12	6	4	0
P28340	POLD1	1107	8	3	8	0
P28074	PSMB5	263	4	0	11	5
P28072	PSMB6	239	4	0	4	2
P28066	PSMA5	241	2	0	5	0
P27824	CANX	592	8	6	6	2
P27797	CALR	417	7	2	2	0
P27708	CAD	2225	27	9	72	53
P27695	APEX1	318	1	0	0	0
P27635	RPL10	214	4	0	5	0
P27448	MARK3	753	0	0	7	0
P27348	YWHAQ	245	11	4	258	209
P26641	EEF1G	437	11	3	7	3
P26640	VARS	1264	21	3	5	2
P26639	TARS	723	22	2	18	3
P26599	PTBP1	531	10	6	9	5
P26440	IVD	423	0	0	1	0
P26373	RPL13	211	10	22	7	0
P26368	U2AF2	475	0	9	1	0
P26358	DNMT1	1616	11	5	0	0
P26196	DDX6	483	5	5	4	0
P26038	MSN	577	13	4	0	0
P25789	PSMA4	261	3	2	7	4
P25788	PSMA3	255	2	0	4	0
P25786	PSMA1	263	3	0	4	0
P25705	ATP5A1	553	44	20	69	34
P25398	RPS12	132	5	0	0	2
P25205	MCM3	808	39	13	28	9
P24928	POLR2A	1970	12	7	0	0
P24752	ACAT1	427	7	1	16	0
P24666	ACP1	158	0	0	6	2
P24539	ATP5F1	256	2	0	5	2
P24534	EEF1B2	225	2	0	1	0
P23921	RRM1	792	2	0	6	0
P23528	CFL1	166	4	5	4	4
P23526	AHCY	432	14	3	10	2
P23396	RPS3	243	16	10	35	24
P23381	WARS	471	4	0	0	0
P23368	ME2	584	5	0	0	0
P23284	PPIB	216	4	5	4	3
P23246	SFPQ	707	14	11	13	7
P22830	FECH	423	0	0	4	0
P22735	TGM1	817	3	1	0	0
P22695	UQCRC2	453	3	0	19	8
P22626	HNRNPA2B1	353	24	16	7	0
P22570	null	491	2	0	0	0
P22392	NME2	152	10	5	14	7
P22314	UBA1	1058	64	22	27	8
P22234	PAICS	425	6	0	5	0
P22087	FBL	321	3	0	2	0
P22061	PCMT1	227	2	0	4	1
P22033	MUT	750	4	0	0	0
P21796	VDAC1	283	8	0	20	10
P21333	FLNA	2647	114	124	28	60
P21281	ATP6V1B2	511	2	0	1	0
P21108	null	318	3	0	2	0
P20930	FLG	4061	1	0	0	0
P20700	LMNB1	586	21	7	12	3
P20618	PSMB1	241	3	0	5	3
P20290	BTF3	206	0	0	2	0
P19474	TRIM21	475	77	77	302	174
P19367	HK1	917	15	0	1	0
P19338	NCL	710	17	16	4	0
P18754	RCC1	421	4	0	6	0
P18669	PGAM1	254	5	0	3	0
P18621	RPL17	184	5	3	5	3
P18583	SON	2426	0	3	0	0
P18206	VCL	1134	12	1	0	0
P18124	RPL7	248	6	2	0	4
P18077	RPL35A	110	3	0	0	0
P17987	TCP1	556	24	15	49	22
P17858	PFKL	780	6	1	8	0
P17844	DDX5	614	37	33	30	13
P17812	CTPS	591	5	4	11	5
P17480	UBTF	764	4	2	0	0
P17174	GOT1	413	1	0	0	0
P16989	CSDA	372	2	43	0	0
P16615	ATP2A2	1042	10	5	6	5
P16152	CBR1	277	2	0	1	0
P15924	DSP	2871	61	43	38	14
P15880	RPS2	293	12	1	31	23
P15531	NME1	152	11	5	13	10
P15311	EZR	586	12	4	0	0
P15121	AKR1B1	316	5	0	0	0
P14923	JUP	745	15	5	13	3
P14868	DARS	501	13	5	14	3
P14866	HNRNPL	589	20	14	4	5
P14735	IDE	1019	3	0	0	0
P14678	SNRPB	240	3	1	3	0
P14625	HSP90B1	803	49	39	45	7
P14618	PKM2	531	65	35	41	13
P14550	AKR1A1	325	1	0	0	0
P13807	GYS1	737	1	0	5	4
P13804	ETFA	333	11	0	5	2
P13797	PLS3	630	13	6	0	0
P13671	C6	934	2	1	2	0
P13667	PDIA4	645	15	12	0	0
P13639	EEF2	858	71	35	73	20
P13010	XRCC5	732	17	5	18	4
P12956	XRCC6	609	26	13	17	5
P12532	CKMT1A	417	1	0	43	38
P12277	CKB	381	23	5	17	0
P12270	TPR	2363	1	7	0	0
P12268	IMPDH2	514	5	0	4	2
P12236	null	298	15	6	42	67
P12004	PCNA	261	9	1	7	2
P11940	PABPC1	636	15	10	20	17
P11802	CDK4	303	0	0	9	7
P11586	MTHFD1	935	43	4	19	3
P11532	DMD	3685	0	1	6	2
P11413	G6PD	515	4	0	2	0
P11388	TOP2A	1531	47	39	0	0
P11387	TOP1	765	3	18	2	0
P11310	ACADM	421	1	0	3	0
P11142	HSPA8	646	63	43	180	140
P11021	HSPA5	654	37	50	63	55
P10809	HSPD1	573	58	22	57	24
P10768	ESD	282	4	0	0	0
P10644	PRKAR1A	381	0	0	2	2
P10599	TXN	105	7	2	0	0
P10515	DLAT	647	9	2	7	1
P10412	HIST1H1E	219	4	3	25	8
P0C0S5	H2AFZ	128	13	5	9	0
P0C0L4	C4A	1744	1	0	4	2
P09972	ALDOC	364	5	0	5	0
P09960	LTA4H	611	9	0	10	0
P09936	UCHL1	223	3	0	3	0
P09874	PARP1	1014	80	38	14	1
P09661	SNRPA1	255	1	0	3	0
P09651	HNRNPA1	372	12	13	10	0
P09622	DLD	509	6	1	2	0
P09382	LGALS1	135	4	2	0	0
P09211	GSTP1	210	2	0	3	0
P08865	RPSA	295	7	4	24	13
P08758	ANXA5	320	7	1	0	0
P08729	null	469	0	9	0	0
P08708	RPS17	135	1	2	2	0
P08670	VIM	466	103	117	82	59
P08559	PDHA1	390	3	1	4	0
P08243	ASNS	561	2	0	3	3
P08238	HSP90AB1	724	87	45	164	67
P08123	COL1A2	1366	0	10	0	0
P08107	HSPA1A	641	94	57	313	285
P07954	FH	510	5	0	3	0
P07910	HNRNPC	306	20	12	10	5
P07900	HSP90AA1	732	87	37	111	45
P07814	EPRS	1512	32	9	8	21
P07741	APRT	180	3	0	8	2
P07737	PFN1	140	16	10	2	0
P07437	TUBB	444	93	60	176	125
P07358	C8B	591	2	1	0	0
P07355	ANXA2	339	25	17	0	1
P07339	CTSD	412	5	0	3	0
P07237	P4HB	508	9	4	4	0
P07199	CENPB	599	4	0	0	0
P07195	LDHB	334	30	5	52	21
P06748	NPM1	294	6	0	6	0
P06744	GPI	558	16	8	6	0
P06737	PYGL	847	10	0	0	0
P06733	ENO1	434	60	35	88	32
P06576	ATP5B	529	40	13	84	21
P05455	SSB	408	4	2	0	0
P05388	RPLP0	317	13	10	22	15
P05387	RPLP2	115	0	2	0	4
P05141	SLC25A5	298	17	5	44	74
P05091	ALDH2	517	3	0	0	0
P05089	ARG1	322	7	2	0	0
P05023	ATP1A1	1023	30	8	34	44
P04844	RPN2	631	6	0	6	15
P04843	RPN1	607	14	5	17	17
P04818	TYMS	313	1	0	0	0
P04637	TP53	393	6	0	8	2
P04406	GAPDH	335	28	17	74	43
P04181	OAT	439	7	0	10	2
P04114	APOB	4563	0	0	0	6
P04083	ANXA1	346	1	3	0	1
P04075	ALDOA	364	13	7	30	0
P04040	CAT	527	4	1	0	0
P02786	TFRC	760	2	0	24	6
P02768	ALB	609	29	8	21	4
P02545	LMNA	664	11	12	0	0
P02452	COL1A1	1464	0	41	0	0
P01834	IGKC	106	1	0	0	0
P01602	IGKV1-5	117	0	2	0	0
P01593	null	108	2	1	0	0
P01031	C5	1676	2	3	0	0
P01024	C3	1663	2	0	2	1
P01023	A2M	1474	4	4	2	7
P00734	F2	622	1	0	0	0
P00558	PGK1	417	23	5	20	2
P00505	GOT2	430	12	4	9	5
P00492	HPRT1	218	7	1	9	0
P00491	PNP	289	5	0	4	0
P00441	SOD1	154	1	0	0	0
P00403	MT-CO2	227	4	0	3	0
P00390	GSR	522	3	0	0	1
P00387	CYB5R3	301	3	0	0	2
P00367	GLUD1	558	14	0	12	0
P00338	LDHA	332	29	7	27	15
O96019	ACTL6A	429	0	0	7	0
O96008	TOMM40	361	2	1	0	0
O95861	BPNT1	308	1	0	0	0
O95831	AIFM1	613	15	3	32	25
O95816	BAG2	211	0	0	7	5
O95793	STAU1	577	5	1	0	0
O95757	HSPA4L	839	16	0	0	0
O95602	POLR1A	1720	0	2	0	0
O95573	ACSL3	720	2	0	7	0
O95453	PARN	639	2	0	0	0
O95373	IPO7	1038	5	2	6	0
O95347	SMC2	1197	8	5	0	0
O95292	VAPB	243	2	0	0	0
O95168	NDUFB4	129	1	0	0	0
O95163	IKBKAP	1332	0	3	0	0
O95104	SCAF4	1147	0	2	0	0
O94979	SEC31A	1220	3	0	0	0
O94906	PRPF6	941	8	2	0	0
O94905	ERLIN2	339	4	0	0	0
O94885	null	1247	8	0	0	0
O94776	MTA2	668	2	0	9	0
O76021	RSL1D1	490	9	0	0	0
O75821	EIF3G	320	0	0	5	0
O75794	CDC123	336	0	0	4	0
O75746	SLC25A12	678	3	1	3	16
O75694	NUP155	1391	5	5	0	0
O75643	SNRNP200	2136	54	41	56	18
O75534	CSDE1	798	1	2	0	0
O75533	SF3B1	1304	18	20	0	0
O75489	NDUFS3	264	4	0	8	0
O75436	VPS26A	327	2	0	0	0
O75400	PRPF40A	957	0	3	0	0
O75396	SEC22B	215	3	0	2	0
O75390	CS	466	12	3	20	0
O75376	NCOR1	2440	0	0	345	532
O75369	FLNB	2602	31	10	0	1
O75367	H2AFY	372	10	7	6	0
O75351	VPS4B	444	1	0	0	0
O75319	DUSP11	330	0	5	0	0
O75223	GGCT	188	5	0	0	0
O60907	TBL1X	577	0	0	74	105
O60884	DNAJA2	412	0	0	14	0
O60832	DKC1	514	7	0	0	0
O60814	null	126	29	12	10	4
O60762	DPM1	260	0	0	2	6
O60506	SYNCRIP	623	11	9	3	2
O60341	KDM1A	852	3	0	1	0
O60271	SPAG9	1321	5	0	0	0
O60264	SMARCA5	1052	25	11	6	0
O60231	DHX16	1041	4	2	0	0
O43847	NRD1	1150	3	1	1	0
O43823	AKAP8	692	0	0	1	0
O43809	NUDT21	227	1	0	0	0
O43795	MYO1B	1136	7	13	0	2
O43776	NARS	548	7	1	0	0
O43707	ACTN4	911	22	20	0	4
O43684	BUB3	328	3	1	7	0
O43615	TIMM44	452	2	0	14	0
O43592	XPOT	962	5	1	17	11
O43505	B3GNT1	415	0	0	1	0
O43491	EPB41L2	1005	4	3	0	0
O43488	AKR7A2	359	2	0	0	0
O43432	EIF4G3	1585	0	2	0	0
O43390	HNRNPR	633	21	9	5	2
O43251	RBFOX2	390	0	1	7	0
O43242	PSMD3	534	8	4	18	12
O43175	PHGDH	533	23	22	28	21
O43172	PRPF4	522	3	1	0	0
O43148	RNMT	476	1	5	0	0
O43143	DHX15	795	31	6	24	5
O15397	IPO8	1037	1	0	0	0
O15381	NVL	856	3	0	0	0
O15379	HDAC3	428	0	0	76	68
O15371	EIF3D	548	2	3	0	0
O15355	PPM1G	546	3	4	0	0
O15294	OGT	1046	3	0	10	0
O15260	SURF4	269	0	1	0	0
O15226	NKRF	690	6	0	0	0
O15145	ARPC3	178	2	0	0	0
O15067	PFAS	1338	9	2	2	0
O15042	U2SURP	1029	5	3	0	0
O15027	SEC16A	2179	0	6	0	0
O14980	XPO1	1071	14	1	28	12
O14979	HNRPDL	420	3	9	4	0
O14929	HAT1	419	2	0	6	0
O14818	PSMA7	248	5	1	11	4
O14776	TCERG1	1098	0	1	0	0
O14744	PRMT5	637	7	2	12	7
O14735	CDIPT	213	1	0	0	0
O14654	IRS4	1257	3	1	12	26
O14646	CHD1	1710	0	1	0	0
O00571	DDX3X	662	31	48	27	9
O00567	NOP56	594	32	7	0	0
O00541	PES1	588	7	0	0	0
O00487	PSMD14	310	2	0	3	5
O00425	IGF2BP3	579	13	5	3	3
O00411	POLRMT	1230	3	2	0	0
O00410	IPO5	1097	9	1	13	2
O00303	EIF3F	357	5	2	17	1
O00299	CLIC1	241	4	1	0	0
O00268	TAF4	1085	0	1	0	0
O00267	SUPT5H	1087	0	9	0	0
O00264	PGRMC1	195	0	0	6	4
O00231	PSMD11	422	5	2	7	1
O00159	MYO1C	1063	0	4	0	3
O00148	DDX39A	427	15	9	17	5
O00139	KIF2A	706	0	1	0	0
A6NHR9	SMCHD1	2005	15	7	4	0
